,Query,Query Length,Time Taken,Search Successful,Position Placed
0,A,1,0.04696,True,1783
1,AA,2,0.05087,True,4837
2,AAA,3,0.05685,True,2361
3,AAAA,4,0.05935,True,390
4,AAAAA,5,0.05408,True,2068
5,AAAAAA,6,0.04985,True,2292
6,AAAAAAA,7,0.06004,True,3448
7,AAAAAAAA,8,0.05157,True,2066
8,AAAAAAAAA,9,0.05182,True,888
9,AAAAAAAAAA,10,0.05212,True,4512
10,AAAAAAAAAB,10,0.05742,True,3076
11,AAAAAAAAB,9,0.06161,True,12
12,AAAAAAAABB,10,0.0559,True,1444
13,AAAAAAAB,8,0.05048,True,3612
14,AAAAAAABB,9,0.04979,True,3974
15,AAAAAAABBB,10,0.05111,True,2682
16,AAAAAAB,7,0.0514,True,228
17,AAAAAABB,8,0.05306,True,4597
18,AAAAAABBB,9,0.05058,True,632
19,AAAAAABBBB,10,0.05333,True,1076
20,AAAAAB,6,0.0515,True,3416
21,AAAAABB,7,0.05221,True,3671
22,AAAAABBB,8,0.0529,True,139
23,AAAAABBBB,9,0.05034,True,4313
24,AAAAABBBBB,10,0.05142,True,2289
25,AAAAB,5,0.05094,True,4447
26,AAAABB,6,0.05528,True,1899
27,AAAABBB,7,0.05416,True,4174
28,AAAABBBB,8,0.05188,True,4255
29,AAAABBBBB,9,0.05352,True,1601
30,AAAABBBBBB,10,0.05098,True,3916
31,AAAAGG,6,0.05258,True,1058
32,AAAAGGG,7,0.05138,True,1455
33,AAAAGGGG,8,0.05169,True,1540
34,AAAAGGGGC,9,0.05144,True,3987
35,AAAAGGGGCC,10,0.05188,True,2870
36,AAAAGGGGCCC,11,0.05654,True,604
37,AAAAGGGGCCCC,12,0.05562,True,4160
38,AAAAGGGGCCCCT,13,0.05511,True,3752
39,AAAAGGGGCCCCTT,14,0.05476,True,2633
40,AAAAGGGGCCCCTTT,15,0.06493,True,3913
41,AAAB,4,0.05026,True,3908
42,AAABB,5,0.05132,True,1938
43,AAABBB,6,0.06499,True,4419
44,AAABBBB,7,0.05812,True,142
45,AAABBBBB,8,0.05212,True,4978
46,AAABBBBBB,9,0.06931,True,2605
47,AAABBBBBBB,10,0.05397,True,697
48,AAACAAAAGAA,11,0.05133,True,3174
49,AAACAAAAGAAA,12,0.0578,True,969
50,AAACAAAAGAAAT,13,0.0567,True,2392
51,AAACAAAAGAAATA,14,0.05743,True,1484
52,AAACAAAAGAAATAA,15,0.05726,True,1266
53,AAACAAAAGAAATAAA,16,0.05721,True,2034
54,AAACAAAAGAAATAAAC,17,0.05484,True,4096
55,AAACAAAAGAAATAAACA,18,0.0602,True,4797
56,AAACAAAAGAAATAAACAA,19,0.05566,True,2227
57,AAACAAAAGAAATAAACAAA,20,0.06166,True,1191
58,AAACAAATAAA,11,0.05883,True,4640
59,AAACAAATAAAG,12,0.05652,True,4105
60,AAACAAATAAAGA,13,0.05391,True,4497
61,AAACAAATAAAGAA,14,0.0581,True,2370
62,AAACAAATAAAGAAA,15,0.05952,True,2765
63,AAACAAATAAAGAAAA,16,0.05841,True,1550
64,AAACAAATAAAGAAAAC,17,0.0546,True,4504
65,AAACAAATAAAGAAAACA,18,0.05751,True,4593
66,AAACAAATAAAGAAAACAA,19,0.05671,True,3965
67,AAACAAATAAAGAAAACAAA,20,0.05858,True,3433
68,AAAG,4,0.05339,True,4827
69,AAAGG,5,0.05133,True,271
70,AAAGGG,6,0.05005,True,4691
71,AAAGGGC,7,0.0512,True,907
72,AAAGGGCC,8,0.05644,True,2499
73,AAAGGGCCC,9,0.05054,True,1771
74,AAAGGGCCCT,10,0.05635,True,860
75,AAAGGGCCCTT,11,0.0521,True,754
76,AAAGGGCCCTTT,12,0.05533,True,2651
77,AAB,3,0.05919,True,2704
78,AABB,4,0.063,True,4808
79,AABBB,5,0.05886,True,2674
80,AABBBB,6,0.05225,True,3517
81,AABBBBB,7,0.05122,True,1141
82,AABBBBBB,8,0.05142,True,2894
83,AABBBBBBB,9,0.05085,True,1166
84,AABBBBBBBB,10,0.05229,True,2846
85,AACCGGT,7,0.05064,True,6
86,AACCGGTT,8,0.05193,True,1366
87,AACCGGTTA,9,0.05011,True,447
88,AACCGGTTAA,10,0.05168,True,3052
89,AACCGGTTAAC,11,0.05145,True,3753
90,AACCGGTTAACC,12,0.05398,True,516
91,AACCGGTTAACCG,13,0.05302,True,2180
92,AACCGGTTAACCGG,14,0.05496,True,4493
93,AACCGGTTAACCGGT,15,0.05435,True,2596
94,AACCGGTTAACCGGTT,16,0.06,True,772
95,AB,2,0.04975,True,3383
96,ABA,3,0.05001,True,3834
97,ABAB,4,0.05027,True,3795
98,ABABA,5,0.04968,True,631
99,ABABAB,6,0.05279,True,2326
100,ABABABA,7,0.05225,True,3570
101,ABABABAB,8,0.05075,True,2200
102,ABABABABA,9,0.04995,True,1219
103,ABABABABAB,10,0.05085,True,873
104,ABB,3,0.04989,True,4739
105,ABBB,4,0.05358,True,2549
106,ABBBB,5,0.05061,True,4898
107,ABBBBB,6,0.05358,True,2049
108,ABBBBBB,7,0.05666,True,406
109,ABBBBBBB,8,0.05505,True,673
110,ABBBBBBBB,9,0.05844,True,1993
111,ABBBBBBBBB,10,0.05219,True,4300
112,ABC,3,0.05318,True,770
113,ABCA,4,0.05386,True,524
114,ABCAB,5,0.05235,True,4918
115,ABCABC,6,0.05148,True,2238
116,ABCABCA,7,0.05086,True,1925
117,ABCABCAB,8,0.05088,True,1837
118,ABCABCABC,9,0.04972,True,2458
119,ABCABCABCA,10,0.05231,True,796
120,ABCD,4,0.06113,True,4545
121,ABCDA,5,0.05786,True,3559
122,ABCDAB,6,0.05451,True,4220
123,ABCDABC,7,0.05213,True,3599
124,ABCDABCD,8,0.05169,True,2966
125,ABCDABCDA,9,0.0504,True,3603
126,ABCDABCDAB,10,0.06248,True,4285
127,ABCDE,5,0.05006,True,2309
128,ABCDEA,6,0.05245,True,3477
129,ABCDEAB,7,0.05085,True,433
130,ABCDEABC,8,0.05655,True,2617
131,ABCDEABCD,9,0.05097,True,2735
132,ABCDEABCDE,10,0.05152,True,4943
133,ABCDEF,6,0.05261,True,3689
134,ABCDEFA,7,0.05192,True,4471
135,ABCDEFAB,8,0.0526,True,4655
136,ABCDEFABC,9,0.04983,True,3876
137,ABCDEFABCD,10,0.05143,True,2176
138,ABCDEFG,7,0.06513,True,4397
139,ABCDEFGA,8,0.05352,True,679
140,ABCDEFGAB,9,0.05704,True,3747
141,ABCDEFGABC,10,0.06643,True,581
142,ABCDEFGH,8,0.05883,True,3435
143,ABCDEFGHA,9,0.05037,True,1846
144,ABCDEFGHAB,10,0.0518,True,3442
145,ABCDEFGHI,9,0.0515,True,1941
146,ABCDEFGHIA,10,0.05187,True,3340
147,ABCDEFGHIJ,10,0.05339,True,705
148,AC,2,0.05483,True,2661
149,ACA,3,0.05921,True,3341
150,ACAC,4,0.06107,True,981
151,ACACA,5,0.05004,True,3241
152,ACACAC,6,0.05881,True,4304
153,ACACACA,7,0.05621,True,3918
154,ACACACAC,8,0.06339,True,3398
155,ACACACACA,9,0.05184,True,3605
156,ACACACACAC,10,0.05408,True,4746
157,ACACACACACA,11,0.09824,True,879
158,ACACACACACAC,12,0.05508,True,711
159,ACB,3,0.05287,True,1485
160,ACBA,4,0.05386,True,1785
161,ACBAC,5,0.0541,True,3470
162,ACBACB,6,0.05655,True,1108
163,ACBACBA,7,0.06836,True,4435
164,ACBACBAC,8,0.07902,True,3475
165,ACBACBACB,9,0.05723,True,1736
166,ACBACBACBA,10,0.05769,True,695
167,ACC,3,0.04953,True,4943
168,ACCA,4,0.05205,True,2716
169,ACCAC,5,0.05148,True,1686
170,ACCACC,6,0.05201,True,3128
171,ACCACCA,7,0.05131,True,1458
172,ACCACCAC,8,0.05373,True,866
173,ACCACCACC,9,0.05256,True,3880
174,ACCACCACCA,10,0.05366,True,283
175,ACCACCACCAC,11,0.06295,True,2291
176,ACCACCACCACC,12,0.05677,True,3390
177,ACCC,4,0.05925,True,3300
178,ACCCA,5,0.0525,True,4399
179,ACCCAC,6,0.05485,True,496
180,ACCCACC,7,0.05084,True,217
181,ACCCACCC,8,0.05455,True,2873
182,ACCCACCCA,9,0.05041,True,124
183,ACCCACCCAC,10,0.05137,True,1294
184,ACCCACCCACC,11,0.05196,True,3109
185,ACCCACCCACCC,12,0.05564,True,3977
186,ACCCC,5,0.05277,True,1851
187,ACCCCA,6,0.05369,True,2283
188,ACCCCAC,7,0.05789,True,1452
189,ACCCCACC,8,0.0515,True,3463
190,ACCCCACCC,9,0.05508,True,3314
191,ACCCCACCCC,10,0.05381,True,3741
192,ACCCCACCCCA,11,0.05885,True,3854
193,ACCCCACCCCAC,12,0.05606,True,990
194,ACCCCACCCCC,11,0.05656,True,4448
195,ACCCCACCCCCA,12,0.05441,True,3965
196,ACCCCC,6,0.05182,True,2158
197,ACCCCCA,7,0.05655,True,1240
198,ACCCCCAC,8,0.05576,True,2814
199,ACCCCCACC,9,0.05167,True,4634
200,ACCCCCACCC,10,0.05978,True,1
201,ACCCCCACCCC,11,0.05303,True,2072
202,ACCCCCACCCCA,12,0.05512,True,2632
203,ACCCCCC,7,0.05876,True,2468
204,ACCCCCCA,8,0.05482,True,2571
205,ACCCCCCAC,9,0.063,True,1834
206,ACCCCCCACC,10,0.0562,True,4191
207,ACCCCCCACCC,11,0.05296,True,2084
208,ACCCCCCACCCC,12,0.05865,True,1075
209,ACCCCCCC,8,0.05341,True,3981
210,ACCCCCCCA,9,0.054,True,879
211,ACCCCCCCAC,10,0.06086,True,4260
212,ACCCCCCCACC,11,0.06982,True,1147
213,ACCCCCCCACCC,12,0.05396,True,4630
214,ACCCCCCCC,9,0.05237,True,1759
215,ACCCCCCCCA,10,0.05626,True,176
216,ACCCCCCCCAC,11,0.05366,True,1761
217,ACCCCCCCCACC,12,0.05531,True,772
218,ACCCCCCCCC,10,0.05392,True,3675
219,ACCCCCCCCCA,11,0.0542,True,1727
220,ACCCCCCCCCAC,12,0.05626,True,3594
221,ACCCCCCCCCC,11,0.06098,True,4143
222,ACCCCCCCCCCA,12,0.05653,True,1970
223,ACG,3,0.0516,True,2182
224,ACGA,4,0.05233,True,2963
225,ACGAC,5,0.0519,True,3085
226,ACGACG,6,0.06654,True,1236
227,ACGACGA,7,0.06462,True,3568
228,ACGACGAC,8,0.05523,True,2832
229,ACGACGACG,9,0.05092,True,4631
230,ACGACGACGA,10,0.0638,True,2774
231,ACGACGACGAC,11,0.05444,True,3763
232,ACGACGACGACG,12,0.05414,True,170
233,ACGT,4,0.05457,True,3725
234,ACGTA,5,0.06719,True,1967
235,ACGTAC,6,0.06034,True,4807
236,ACGTACG,7,0.05261,True,4260
237,ACGTACGT,8,0.05037,True,3360
238,ACGTACGTA,9,0.05042,True,1647
239,ACGTACGTAC,10,0.06861,True,4533
240,ACGTACGTACG,11,0.05553,True,3024
241,ACGTACGTACGT,12,0.0565,True,74
242,AI,2,0.05681,True,3361
243,AIH,3,0.05936,True,1756
244,AIHG,4,0.05532,True,946
245,AIHGF,5,0.04924,True,3974
246,AIHGFE,6,0.05297,True,2304
247,AIHGFED,7,0.05151,True,4039
248,AIHGFEDC,8,0.05526,True,2064
249,AIHGFEDCB,9,0.05135,True,2389
250,AIHGFEDCBA,10,0.05062,True,2681
251,B,1,0.04661,True,1685
252,BA,2,0.04929,True,151
253,BAA,3,0.0531,True,2046
254,BAAA,4,0.05014,True,3851
255,BAAAA,5,0.05199,True,1259
256,BAAAAA,6,0.05209,True,3853
257,BAAAAAA,7,0.05063,True,4375
258,BAAAAAAA,8,0.05121,True,383
259,BAAAAAAAA,9,0.05239,True,4134
260,BAAAAAAAAA,10,0.05171,True,243
261,BAB,3,0.05251,True,85
262,BABA,4,0.05398,True,889
263,BABAB,5,0.051,True,952
264,BABABA,6,0.05093,True,4496
265,BABABAB,7,0.0632,True,2719
266,BABABABA,8,0.06002,True,495
267,BABABABAB,9,0.05169,True,2542
268,BABABABABA,10,0.0546,True,2828
269,BAD,3,0.0511,True,82
270,BADC,4,0.0519,True,1795
271,BADCB,5,0.05761,True,2180
272,BADCBA,6,0.05437,True,1738
273,BADCBAD,7,0.05867,True,3857
274,BADCBADC,8,0.05437,True,4183
275,BADCBADCB,9,0.05206,True,3167
276,BADCBADCBA,10,0.05544,True,2381
277,BAH,3,0.04932,True,3501
278,BAHG,4,0.06333,True,4727
279,BAHGF,5,0.04988,True,1517
280,BAHGFE,6,0.05812,True,2394
281,BAHGFED,7,0.06576,True,4358
282,BAHGFEDC,8,0.0506,True,2986
283,BAHGFEDCB,9,0.05009,True,616
284,BAHGFEDCBA,10,0.05543,True,1930
285,BB,2,0.04934,True,2113
286,BBA,3,0.04915,True,1096
287,BBAA,4,0.04946,True,4580
288,BBAAA,5,0.05046,True,1576
289,BBAAAA,6,0.04948,True,2137
290,BBAAAAA,7,0.05352,True,4670
291,BBAAAAAA,8,0.05144,True,1658
292,BBAAAAAAA,9,0.05439,True,3165
293,BBAAAAAAAA,10,0.05621,True,4167
294,BBB,3,0.05111,True,4096
295,BBBA,4,0.05003,True,982
296,BBBAA,5,0.04986,True,1660
297,BBBAAA,6,0.05171,True,2225
298,BBBAAAA,7,0.05176,True,3705
299,BBBAAAAA,8,0.05226,True,1100
300,BBBAAAAAA,9,0.05477,True,873
301,BBBAAAAAAA,10,0.05262,True,3238
302,BBBB,4,0.05125,True,2496
303,BBBBA,5,0.04967,True,1997
304,BBBBAA,6,0.04936,True,591
305,BBBBAAA,7,0.05162,True,4140
306,BBBBAAAA,8,0.05098,True,4441
307,BBBBAAAAA,9,0.05255,True,3247
308,BBBBAAAAAA,10,0.05466,True,1921
309,BBBBB,5,0.05198,True,125
310,BBBBBA,6,0.051,True,4663
311,BBBBBAA,7,0.05216,True,2106
312,BBBBBAAA,8,0.05149,True,1911
313,BBBBBAAAA,9,0.05122,True,1942
314,BBBBBAAAAA,10,0.05369,True,1747
315,BBBBBB,6,0.05278,True,1050
316,BBBBBBA,7,0.05187,True,4104
317,BBBBBBAA,8,0.05123,True,4782
318,BBBBBBAAA,9,0.05061,True,3282
319,BBBBBBAAAA,10,0.05327,True,4870
320,BBBBBBB,7,0.05238,True,1904
321,BBBBBBBA,8,0.05099,True,580
322,BBBBBBBAA,9,0.0502,True,1929
323,BBBBBBBAAA,10,0.0547,True,3183
324,BBBBBBBB,8,0.05066,True,1279
325,BBBBBBBBA,9,0.05193,True,1237
326,BBBBBBBBAA,10,0.0536,True,3100
327,BBBBBBBBB,9,0.05033,True,4407
328,BBBBBBBBBA,10,0.05502,True,1523
329,C,1,0.04401,True,3868
330,CAC,3,0.05362,True,3689
331,CACA,4,0.05045,True,1444
332,CACAC,5,0.05605,True,1923
333,CACACA,6,0.05259,True,3903
334,CACACAC,7,0.05644,True,1780
335,CACACACA,8,0.06789,True,382
336,CACACACAC,9,0.05595,True,3272
337,CACACACACA,10,0.05832,True,1659
338,CACACACACAC,11,0.07416,True,2318
339,CACACACACACA,12,0.06544,True,134
340,CACC,4,0.06007,True,2576
341,CACCC,5,0.05357,True,3084
342,CACCCC,6,0.05626,True,3905
343,CACCCCA,7,0.05198,True,3891
344,CACCCCAC,8,0.05141,True,198
345,CACCCCACC,9,0.05018,True,3931
346,CACCCCACCC,10,0.05433,True,2655
347,CACCCCACCCC,11,0.05578,True,3515
348,CACCCCACCCCA,12,0.05902,True,4114
349,CACCCCC,7,0.05245,True,1915
350,CACCCCCC,8,0.05654,True,2794
351,CACCCCCCC,9,0.05516,True,3519
352,CACCCCCCCC,10,0.05323,True,2974
353,CACCCCCCCCC,11,0.05224,True,3249
354,CACCCCCCCCCA,12,0.05633,True,1608
355,CB,2,0.05728,True,939
356,CBA,3,0.06103,True,2470
357,CBAG,4,0.05478,True,4013
358,CBAGF,5,0.04953,True,3790
359,CBAGFE,6,0.05078,True,1882
360,CBAGFED,7,0.0521,True,3109
361,CBAGFEDC,8,0.05164,True,9
362,CBAGFEDCB,9,0.05164,True,1495
363,CBAGFEDCBA,10,0.05135,True,4237
364,CCA,3,0.05732,True,1760
365,CCAC,4,0.05447,True,3932
366,CCACC,5,0.0506,True,4582
367,CCACCA,6,0.05501,True,4249
368,CCACCAC,7,0.05364,True,2144
369,CCACCACC,8,0.05397,True,4702
370,CCACCACCA,9,0.0613,True,1943
371,CCACCACCAC,10,0.0514,True,3093
372,CCACCACCACC,11,0.05248,True,703
373,CCACCACCACCA,12,0.06028,True,9
374,CCACCC,6,0.05438,True,1474
375,CCACCCC,7,0.05017,True,1817
376,CCACCCCC,8,0.06067,True,728
377,CCACCCCCC,9,0.05099,True,2152
378,CCACCCCCCC,10,0.05072,True,3095
379,CCACCCCCCCC,11,0.05037,True,240
380,CCACCCCCCCCA,12,0.0531,True,2039
381,CCC,3,0.05121,True,91
382,CCCA,4,0.05078,True,3557
383,CCCAC,5,0.06311,True,3382
384,CCCACC,6,0.05029,True,734
385,CCCACCC,7,0.05138,True,378
386,CCCACCCA,8,0.05189,True,2563
387,CCCACCCAC,9,0.05451,True,3535
388,CCCACCCACC,10,0.05178,True,1855
389,CCCACCCACCC,11,0.05462,True,4607
390,CCCACCCACCCA,12,0.05295,True,1316
391,CCCACCCC,8,0.05559,True,640
392,CCCACCCCC,9,0.04969,True,1883
393,CCCACCCCCC,10,0.05055,True,88
394,CCCACCCCCCC,11,0.05373,True,2068
395,CCCACCCCCCCA,12,0.05865,True,2366
396,CCCC,4,0.05351,True,1198
397,CCCCA,5,0.05225,True,3979
398,CCCCAC,6,0.05221,True,2179
399,CCCCACC,7,0.05331,True,819
400,CCCCACCC,8,0.05254,True,4833
401,CCCCACCCC,9,0.05035,True,4707
402,CCCCACCCCC,10,0.05321,True,3252
403,CCCCACCCCCC,11,0.05589,True,4004
404,CCCCACCCCCCA,12,0.05468,True,1387
405,D,1,0.04632,True,4194
406,DC,2,0.05024,True,3514
407,DCB,3,0.05132,True,1631
408,DCBA,4,0.04995,True,1804
409,DCBAF,5,0.04983,True,4767
410,DCBAFE,6,0.05128,True,2050
411,DCBAFED,7,0.05117,True,4602
412,DCBAFEDC,8,0.051,True,4675
413,DCBAFEDCB,9,0.05117,True,1256
414,DCBAFEDCBA,10,0.05265,True,1623
415,E,1,0.04707,True,4059
416,ED,2,0.05112,True,311
417,EDC,3,0.05122,True,4954
418,EDCB,4,0.05642,True,1013
419,EDCBA,5,0.05528,True,4238
420,EDCBAE,6,0.0519,True,2754
421,EDCBAED,7,0.05035,True,4256
422,EDCBAEDC,8,0.06174,True,2362
423,EDCBAEDCB,9,0.05093,True,3266
424,EDCBAEDCBA,10,0.05309,True,645
425,GCA,3,0.04987,True,4016
426,GCAG,4,0.05066,True,4455
427,GCAGC,5,0.05629,True,3859
428,GCAGCA,6,0.05425,True,4351
429,GCAGCAG,7,0.05326,True,3568
430,GCAGCAGC,8,0.05229,True,4312
431,GCAGCAGCA,9,0.05745,True,2180
432,GCAGCAGCAG,10,0.06881,True,4004
433,GCAGCAGCAGC,11,0.05657,True,742
434,GCAGCAGCAGCA,12,0.05336,True,4050
435,J,1,0.04635,True,3583
436,JI,2,0.05068,True,2324
437,JIH,3,0.05088,True,490
438,JIHG,4,0.05239,True,1162
439,JIHGF,5,0.06451,True,3749
440,JIHGFE,6,0.05611,True,277
441,JIHGFED,7,0.05108,True,3200
442,JIHGFEDC,8,0.05095,True,4248
443,JIHGFEDCB,9,0.05472,True,1755
444,JIHGFEDCBA,10,0.05242,True,3196
445,TGC,3,0.05189,True,3303
446,TGCA,4,0.05226,True,3275
447,TGCAT,5,0.05324,True,280
448,TGCATG,6,0.05107,True,1133
449,TGCATGC,7,0.05301,True,2506
450,TGCATGCA,8,0.05439,True,2886
451,TGCATGCAT,9,0.05086,True,3665
452,TGCATGCATG,10,0.0617,True,3217
453,TGCATGCATGC,11,0.05189,True,4825
454,TGCATGCATGCA,12,0.05334,True,710
455,TTGGCCA,7,0.05179,True,488
456,TTGGCCAA,8,0.05419,True,4458
457,TTGGCCAAT,9,0.05159,True,1892
458,TTGGCCAATT,10,0.053,True,3933
459,TTGGCCAATTG,11,0.05284,True,4473
460,TTGGCCAATTGG,12,0.05349,True,1605
461,TTGGCCAATTGGC,13,0.05915,True,3207
462,TTGGCCAATTGGCC,14,0.05888,True,4129
463,TTGGCCAATTGGCCA,15,0.05466,True,795
464,TTGGCCAATTGGCCAA,16,0.05534,True,4657
465,TTT,3,0.05224,True,3537
466,TTTC,4,0.05108,True,3275
467,TTTCC,5,0.058,True,126
468,TTTCCC,6,0.06233,True,2172
469,TTTCCCC,7,0.05321,True,4886
470,TTTCCCCG,8,0.05098,True,2821
471,TTTCCCCGG,9,0.05256,True,418
472,TTTCCCCGGG,10,0.05217,True,1390
473,TTTCCCCGGGG,11,0.05152,True,4947
474,TTTCCCCGGGGA,12,0.05278,True,586
475,TTTCCCCGGGGAA,13,0.05413,True,4198
476,TTTCCCCGGGGAAA,14,0.05496,True,1760
477,TTTCCCCGGGGAAAA,15,0.06757,True,3996
478,TTTCCCG,7,0.06448,True,3970
479,TTTCCCGG,8,0.05169,True,2965
480,TTTCCCGGG,9,0.05081,True,376
481,TTTCCCGGGA,10,0.06214,True,3625
482,TTTCCCGGGAA,11,0.06861,True,46
483,TTTCCCGGGAAA,12,0.05768,True,1770
